<?xml version="1.0" encoding="UTF-8"?>
<!DOCTYPE mapper
        PUBLIC "-//mybatis.org//DTD Mapper 3.0//EN"
        "http://mybatis.org/dtd/mybatis-3-mapper.dtd">
<mapper namespace="UserMapper">
    <!--插入用户数据-->
    <insert id="addUser" parameterType="User" useGeneratedKeys="true" keyProperty="id">
        insert into chattingroom.dbo.userinfo values(#{username},#{password},#{avatar},#{sex},#{introduction})
    </insert>
    <!--按给出条件查找用户-->
    <select id="findUser" parameterType="User" resultType="User">
        select * from userinfo
        <where>
            <if test="id != 0">
                id = #{id}
            </if>
            <if test="username != null">
                AND username=#{username}
            </if>
            <if test="avatar != 0">
                AND avatar=#{avatar}
            </if>
            <if test="sex != null">
                AND sex=#{sex}
            </if>
        </where>
    </select>
    <!--更新用户信息-->
    <update id="updateUserInfo" parameterType="User">
        update userinfo set
            <if test="username!=null">
                username=#{username},
            </if>
            <if test="password!=null">
                password=#{password}
            </if>
            <if test="sex!=null">
                sex=#{sex}
            </if>
            <if test="avatar!=0">
                avatar=#{avatar}
            </if>
            <if test="introduction!=null">
                introduction=#{introduction}
            </if>
        where id=#{id}
    </update>
</mapper>
